File,IIR_Correlation,FIR_Correlation
Original,0.984106393012598,0.979489903348022
sp30_airport_sn5,0.8492596153072247,0.8444044382576135
sp30_babble_sn5,0.8508514769476602,0.8454420166363557
sp30_car_sn5,0.8484401190180401,0.8455443359560892
sp30_exhibition_sn5,0.8439345006521844,0.8421158441703801
sp30_restaurant_sn5,0.850901078837136,0.847198057850828
sp30_station_sn5,0.8588361038320504,0.8530840767617289
sp30_street_sn5,0.8499599754340259,0.8453477385636108
sp30_train_sn5,0.8481087199982262,0.8477555324481176
